key,id,university_name,country,teaching,international,research,citations,income,total_score,rank,num_students,student_staff_ratio,international_students,female_male_ratio,year,ranking_name,Total University Score,Teaching Score,Research Score,Citation Score,International Score,Income Score,Staff to Student Ratio,Name
1,Harvard University,Harvard University,United States of America,99.7,72.4,98.7,98.8,34.5,96.1,1,"20,152",8.9,25%,,2011,1. Harvard University,96.1,99.7,98.7,98.8,72.4,34.5,11.23595506,Harvard University
2,California Institute of Technology,California Institute of Technology,United States of America,97.7,54.6,98,99.9,83.7,96,2,"2,243",6.9,27%,33 : 67,2011,2. California Institute of Technology,96,97.7,98,99.9,54.6,83.7,14.49275362,California Institute of Technology
3,Massachusetts Institute of Technology,Massachusetts Institute of Technology,United States of America,97.8,82.3,91.4,99.9,87.5,95.6,3,"11,074",9,33%,37 : 63,2011,3. Massachusetts Institute of Technology,95.6,97.8,91.4,99.9,82.3,87.5,11.11111111,Massachusetts Institute of Technology
4,Stanford University,Stanford University,United States of America,98.3,29.5,98.1,99.2,64.3,94.3,4,"15,596",7.8,22%,42:58:00,2011,4. Stanford University,94.3,98.3,98.1,99.2,29.5,64.3,12.82051282,Stanford University
5,Princeton University,Princeton University,United States of America,90.9,70.3,95.4,99.9,51.72624113,94.2,5,"7,929",8.4,27%,45:55:00,2011,5. Princeton University,94.2,90.9,95.4,99.9,70.3,51.72624113,11.9047619,Princeton University
6,University of Cambridge,University of Cambridge,United Kingdom,90.5,77.7,94.1,94,57,91.2,6,"18,812",11.8,34%,46:54:00,2011,6. University of Cambridge,91.2,90.5,94.1,94,77.7,57,8.474576271,University of Cambridge
7,University of Oxford,University of Oxford,United Kingdom,88.2,77.2,93.9,95.1,73.5,91.2,6,"19,919",11.6,34%,46:54:00,2011,6. University of Oxford,91.2,88.2,93.9,95.1,77.2,73.5,8.620689655,University of Oxford
8,"University of California, Berkeley","University of California, Berkeley",United States of America,84.2,39.6,99.3,97.8,51.72624113,91.1,8,"36,186",16.4,15%,50:50:00,2011,"8. University of California, Berkeley",91.1,84.2,99.3,97.8,39.6,51.72624113,6.097560976,University of California  Berkeley
9,Imperial College London,Imperial College London,United Kingdom,89.2,90,94.5,88.3,92.9,90.6,9,"15,060",11.7,51%,37 : 63,2011,9. Imperial College London,90.6,89.2,94.5,88.3,90,92.9,8.547008547,Imperial College London
10,Yale University,Yale University,United States of America,92.1,59.2,89.7,91.5,51.72624113,89.5,10,"11,751",4.4,20%,50:50:00,2011,10. Yale University,89.5,92.1,89.7,91.5,59.2,51.72624113,22.72727273,Yale University
11,"University of California, Los Angeles","University of California, Los Angeles",United States of America,83,48.1,92.9,93.2,51.72624113,87.7,11,"38,206",10.3,15%,52:48:00,2011,"11. University of California, Los Angeles",87.7,83,92.9,93.2,48.1,51.72624113,9.708737864,University of California  Los Angeles
12,University of Chicago,University of Chicago,United States of America,79.1,62.8,87.9,96.9,51.72624113,86.9,12,"14,221",6.9,21%,42:58:00,2011,12. University of Chicago,86.9,79.1,87.9,96.9,62.8,51.72624113,14.49275362,University of Chicago
13,Johns Hopkins University,Johns Hopkins University,United States of America,80.9,58.5,89.2,92.3,100,86.4,13,"15,128",3.6,23%,50:50:00,2011,13. Johns Hopkins University,86.4,80.9,89.2,92.3,58.5,100,27.77777778,Johns Hopkins University
14,Cornell University,Cornell University,United States of America,82.2,62.4,88.8,88.1,34.7,83.9,14,"21,424",10.2,19%,48:52:00,2011,14. Cornell University,83.9,82.2,88.8,88.1,62.4,34.7,9.803921569,Cornell University
15,ETH Zurich ‰ÛÒ Swiss Federal Institute of Technology Zurich,ETH Zurich ‰ÛÒ Swiss Federal Institute of Technology Zurich,Switzerland,77.5,93.7,87.8,83.1,51.72624113,83.4,15,"18,178",14.7,37%,31 : 69,2011,15. ETH Zurich ‰ÛÒ Swiss Federal Institute of Technology Zurich,83.4,77.5,87.8,83.1,93.7,51.72624113,6.802721088,ETH Zurich Swiss Federal Institute of Technology Zurich
16,University of Michigan,University of Michigan,United States of America,83.9,53.3,89.1,84.1,59.6,83.4,15,"41,786",9,16%,48:52:00,2011,15. University of Michigan,83.4,83.9,89.1,84.1,53.3,59.6,11.11111111,University of Michigan
17,University of Toronto,University of Toronto,Canada,75.8,54.23,87.9,82.2,51.72624113,82,17,"66,198",19.5,15%,,2011,17. University of Toronto,82,75.8,87.9,82.2,54.23,51.72624113,5.128205128,University of Toronto
18,Columbia University,Columbia University,United States of America,73.8,90.9,73.8,92.6,51.72624113,81,18,"25,055",5.9,28%,,2011,18. Columbia University,81,73.8,73.8,92.6,90.9,51.72624113,16.94915254,Columbia University
19,University of Pennsylvania,University of Pennsylvania,United States of America,71.8,32.9,82.7,93.6,43.7,79.5,19,"20,376",6.5,20%,51:49:00,2011,19. University of Pennsylvania,79.5,71.8,82.7,93.6,32.9,43.7,15.38461538,University of Pennsylvania
20,Carnegie Mellon University,Carnegie Mellon University,United States of America,70.3,39.1,79.3,95.7,53.7,79.3,20,"11,885",13.1,35%,39 : 61,2011,20. Carnegie Mellon University,79.3,70.3,79.3,95.7,39.1,53.7,7.633587786,Carnegie Mellon University
21,University of Hong Kong,University of Hong Kong,Hong Kong,68.4,91.4,71.4,96.1,56.5,79.2,21,"19,835",17.6,38%,53:47:00,2011,21. University of Hong Kong,79.2,68.4,71.4,96.1,91.4,56.5,5.681818182,University of Hong Kong
22,University College London,University College London,United Kingdom,74,90.8,81.6,80.6,39,78.4,22,"26,607",10.7,46%,56:44:00,2011,22. University College London,78.4,74,81.6,80.6,90.8,39,9.345794393,University College London
23,University of Washington,University of Washington,United States of America,68.2,49,77.1,95.9,32.8,78,23,"44,020",11.8,13%,53:47:00,2011,23. University of Washington,78,68.2,77.1,95.9,49,32.8,8.474576271,University of Washington
24,Duke University,Duke University,United States of America,66.8,49.4,71.5,92.3,100,76.5,24,"15,172",4.8,17%,49:51:00,2011,24. Duke University,76.5,66.8,71.5,92.3,49.4,100,20.83333333,Duke University
25,Northwestern University,Northwestern University,United States of America,64.5,60.5,68.8,95.3,51.72624113,75.9,25,"18,334",13.8,15%,48:52:00,2011,25. Northwestern University,75.9,64.5,68.8,95.3,60.5,51.72624113,7.246376812,Northwestern University
26,University of Tokyo,University of Tokyo,Japan,87.7,18.4,91.9,58.1,51.72624113,75.6,26,"26,199",5.7,10%,,2011,26. University of Tokyo,75.6,87.7,91.9,58.1,18.4,51.72624113,17.54385965,University of Tokyo
27,Georgia Institute of Technology,Georgia Institute of Technology,United States of America,67.9,73.2,72.6,83.2,95.1,75.3,27,"19,967",20.1,26%,31 : 69,2011,27. Georgia Institute of Technology,75.3,67.9,72.6,83.2,73.2,95.1,4.975124378,Georgia Institute of Technology
28,Pohang University of Science and Technology,Pohang University of Science and Technology,South Korea,69.5,32.6,62.5,96.5,100,75.1,28,"3,055",10.1,4%,0.888888889,2011,28. Pohang University of Science and Technology,75.1,69.5,62.5,96.5,32.6,100,9.900990099,Pohang University of Science and Technology
29,"University of California, Santa Barbara","University of California, Santa Barbara",United States of America,56.6,64.3,68,98.8,89.8,75,29,"22,020",27.3,11%,52:48:00,2011,"29. University of California, Santa Barbara",75,56.6,68,98.8,64.3,89.8,3.663003663,University of California  Santa Barbara
30,University of British Columbia,University of British Columbia,Canada,65.1,93.3,74.8,80.3,42.6,73.8,30,"50,152",17.6,25%,54:46:00,2011,30. University of British Columbia,73.8,65.1,74.8,80.3,93.3,42.6,5.681818182,University of British Columbia
31,University of North Carolina at Chapel Hill,University of North Carolina at Chapel Hill,United States of America,70.9,21.5,75.1,85,50.2,73.8,30,"26,518",7.3,8%,58:42:00,2011,30. University of North Carolina at Chapel Hill,73.8,70.9,75.1,85,21.5,50.2,13.69863014,University of North Carolina at Chapel Hill
32,"University of California, San Diego","University of California, San Diego",United States of America,59.8,31.6,76.3,90.8,51.8,73.2,32,"27,233",6.5,11%,48:52:00,2011,"32. University of California, San Diego",73.2,59.8,76.3,90.8,31.6,51.8,15.38461538,University of California  San Diego
33,University of Illinois at Urbana-Champaign,University of Illinois at Urbana-Champaign,United States of America,68.1,55.9,80.9,72.9,51.72624113,73,33,"42,727",18.7,20%,47:53:00,2011,33. University of Illinois at Urbana-Champaign,73,68.1,80.9,72.9,55.9,51.72624113,5.347593583,University of Illinois at Urbana Champaign
34,National University of Singapore,National University of Singapore,Singapore,65.5,97.8,72.6,78.7,40.5,72.9,34,"31,592",15.5,34%,49:51:00,2011,34. National University of Singapore,72.9,65.5,72.6,78.7,97.8,40.5,6.451612903,National University of Singapore
35,McGill University,McGill University,Canada,69,85.9,74.9,69,51.72624113,71.7,35,"31,326",13.7,23%,56:44:00,2011,35. McGill University,71.7,69,74.9,69,85.9,51.72624113,7.299270073,McGill University
36,University of Melbourne,University of Melbourne,Australia,58.7,88,69.2,83.3,47.7,71,36,"40,128",23.7,35%,55:45:00,2011,36. University of Melbourne,71,58.7,69.2,83.3,88,47.7,4.219409283,University of Melbourne
37,Peking University,Peking University,China,76.4,68.6,61.3,72.2,98.6,70.7,37,"40,148",8.3,14%,,2011,37. Peking University,70.7,76.4,61.3,72.2,68.6,98.6,12.04819277,Peking University
38,Washington University in St Louis,Washington University in St Louis,United States of America,58.9,56.4,63,88.6,51.72624113,69.9,38,"12,528",5.7,17%,,2011,38. Washington University in St Louis,69.9,58.9,63,88.6,56.4,51.72624113,17.54385965,Washington University in St Louis
39,Ìäcole Polytechnique,Ìäcole Polytechnique,France,57.9,77.9,56.1,91.4,51.72624113,69.5,39,"2,429",4.8,30%,0.806944444,2011,39. Ìäcole Polytechnique,69.5,57.9,56.1,91.4,77.9,51.72624113,20.83333333,cole Polytechnique
40,University of Edinburgh,University of Edinburgh,United Kingdom,59.9,67.3,61.9,86.8,42.2,69.2,40,"25,774",14.1,36%,58:42:00,2011,40. University of Edinburgh,69.2,59.9,61.9,86.8,67.3,42.2,7.092198582,University of Edinburgh
41,Hong Kong University of Science and Technology,Hong Kong University of Science and Technology,Hong Kong,50.4,97.4,51.8,98.2,64.1,69,41,"11,385",23.8,36%,,2011,41. Hong Kong University of Science and Technology,69,50.4,51.8,98.2,97.4,64.1,4.201680672,Hong Kong University of Science and Technology
42,cole Normale Suprieure,cole Normale Suprieure,France,66.8,44.9,48.2,95.7,30.7,68.6,42,"2,400",7.9,20%,46:54:00,2011,42. Ìäcole Normale SupÌ©rieure,68.6,66.8,48.2,95.7,44.9,30.7,12.65822785,cole Normale Suprieure
43,Australian National University,Australian National University,Australia,51.9,93.9,62.4,81,51.72624113,67,43,"14,604",19.2,35%,52:48:00,2011,43. Australian National University,67,51.9,62.4,81,93.9,51.72624113,5.208333333,Australian National University
44,Karolinska Institute,Karolinska Institute,Sweden,65.8,54.23,72.7,62.3,73.3,67,43,"7,774",11.5,22%,70:30:00,2011,43. Karolinska Institute,67,65.8,72.7,62.3,54.23,73.3,8.695652174,Karolinska Institute
45,University of GÌ_ttingen,University of GÌ_ttingen,Germany,57.3,44.5,55.9,92.5,31.7,67,43,"25,581",25.6,12%,51:49:00,2011,43. University of GÌ_ttingen,67,57.3,55.9,92.5,44.5,31.7,3.90625,University of Gettingen
46,University of Wisconsin,University of Wisconsin,United States of America,55.5,43.7,64.6,83.4,51.72624113,67,43,,,,,2011,43. University of Wisconsin,67,55.5,64.6,83.4,43.7,51.72624113,8.49,University of Wisconsin
47,Rice University,Rice University,United States of America,57.4,31.2,50.6,99.1,29.2,66.9,47,"6,333",9,26%,44:56:00,2011,47. Rice University,66.9,57.4,50.6,99.1,31.2,29.2,11.11111111,Rice University
48,Ìäcole Polytechnique FÌ©dÌ©rale de Lausanne,Ìäcole Polytechnique FÌ©dÌ©rale de Lausanne,Switzerland,55,100,56.1,83.8,38,66.5,48,"9,666",10.5,54%,27 : 73,2011,48. Ìäcole Polytechnique FÌ©dÌ©rale de Lausanne,66.5,55,56.1,83.8,100,38,9.523809524,cole Polytechnique Fcdcrale de Lausanne
49,"University of California, Irvine","University of California, Irvine",United States of America,49.4,66.3,54.7,91.6,51.72624113,66,49,"26,614",16.1,16%,52:48:00,2011,"49. University of California, Irvine",66,49.4,54.7,91.6,66.3,51.72624113,6.211180124,University of California  Irvine
50,University of Science and Technology of China,University of Science and Technology of China,China,57.5,54.23,48.6,92.7,30.3,66,49,"14,290",7.9,2%,,2011,49. University of Science and Technology of China,66,57.5,48.6,92.7,54.23,30.3,12.65822785,University of Science and Technology of China
51,Vanderbilt University,Vanderbilt University,United States of America,64.9,22.1,59.5,78.1,84.2,65.9,51,"12,161",3.6,10%,52:48:00,2011,51. Vanderbilt University,65.9,64.9,59.5,78.1,22.1,84.2,27.77777778,Vanderbilt University
52,University of Minnesota,University of Minnesota,United States of America,57.6,23,69.1,76.4,51.72624113,65.6,52,"46,825",18,13%,52:48:00,2011,52. University of Minnesota,65.6,57.6,69.1,76.4,23,51.72624113,5.555555556,University of Minnesota
53,Tufts University,Tufts University,United States of America,64.1,28.3,52.3,83.9,51.72624113,65.2,53,"10,410",10,14%,54:46:00,2011,53. Tufts University,65.2,64.1,52.3,83.9,28.3,51.72624113,10,Tufts University
54,"University of California, Davis","University of California, Davis",United States of America,57.3,60.5,70.7,68.8,48,65,54,"35,364",13.9,13%,54:46:00,2011,"54. University of California, Davis",65,57.3,70.7,68.8,60.5,48,7.194244604,University of California  Davis
55,Brown University,Brown University,United States of America,59.7,60.5,57,77.7,51.72624113,64.9,55,"8,653",10.1,19%,,2011,55. Brown University,64.9,59.7,57,77.7,60.5,51.72624113,9.900990099,Brown University
56,University of Massachusetts,University of Massachusetts,United States of America,61.3,22.6,72.6,67.9,53.9,64.7,56,"56,959",13,11%,49:51:00,2011,56. University of Massachusetts,64.7,61.3,72.6,67.9,22.6,53.9,7.692307692,University of Massachusetts
57,Kyoto University,Kyoto University,Japan,78.9,18.4,77.7,46.3,67.1,64.6,57,"22,809",5.6,7%,,2011,57. Kyoto University,64.6,78.9,77.7,46.3,18.4,67.1,17.85714286,Kyoto University
58,Tsinghua University,Tsinghua University,China,74.9,43,66.6,52.7,97.8,64.2,58,"39,763",13.7,10%,32 : 68,2011,58. Tsinghua University,64.2,74.9,66.6,52.7,43,97.8,7.299270073,Tsinghua University
59,Boston University,Boston University,United States of America,53.6,38.1,51.9,91.4,29.6,64,59,"24,789",8.6,17%,58:42:00,2011,59. Boston University,64,53.6,51.9,91.4,38.1,29.6,11.62790698,Boston University
60,New York University,New York University,United States of America,62,31.8,50.7,82.9,51.72624113,63.9,60,"42,056",6.8,19%,55:45:00,2011,60. New York University,63.9,62,50.7,82.9,31.8,51.72624113,14.70588235,New York University
61,Emory University,Emory University,United States of America,63.4,52.3,48.4,77.8,51.72624113,63,61,"12,338",4.5,18%,56:44:00,2011,61. Emory University,63,63.4,48.4,77.8,52.3,51.72624113,22.22222222,Emory University
62,LMU Munich,LMU Munich,Germany,59.1,43.1,57.5,76.4,40.4,63,61,"35,691",15.5,13%,62:38:00,2011,61. LMU Munich,63,59.1,57.5,76.4,43.1,40.4,6.451612903,LMU Munich
63,University of Notre Dame,University of Notre Dame,United States of America,56.4,35.6,45.1,89.1,51.72624113,62.8,63,"11,829",13.8,10%,44:56:00,2011,63. University of Notre Dame,62.8,56.4,45.1,89.1,35.6,51.72624113,7.246376812,University of Notre Dame
64,University of Pittsburgh,University of Pittsburgh,United States of America,58.5,25.2,58.3,78.3,37.9,62.7,64,"26,485",5.8,10%,51:49:00,2011,64. University of Pittsburgh,62.7,58.5,58.3,78.3,25.2,37.9,17.24137931,University of Pittsburgh
65,Case Western Reserve University,Case Western Reserve University,United States of America,67.2,56.5,53.8,66,51.72624113,62.2,65,"9,259",6.4,17%,48:52:00,2011,65. Case Western Reserve University,62.2,67.2,53.8,66,56.5,51.72624113,15.625,Case Western Reserve University
66,Ohio State University,Ohio State University,United States of America,63.5,64,54.9,67.2,51.72624113,62.1,66,"51,462",13.4,12%,49:51:00,2011,66. Ohio State University,62.1,63.5,54.9,67.2,64,51.72624113,7.462686567,Ohio State University
67,University of Colorado Boulder,University of Colorado Boulder,United States of America,46.4,31.7,58.1,83.4,51.72624113,61.6,67,"29,325",16.1,8%,45:55:00,2011,67. University of Colorado Boulder,61.6,46.4,58.1,83.4,31.7,51.72624113,6.211180124,University of Colorado Boulder
68,University of Bristol,University of Bristol,United Kingdom,49.6,67.2,53.1,80.9,36.2,61.4,68,"17,906",14,25%,53:47:00,2011,68. University of Bristol,61.4,49.6,53.1,80.9,67.2,36.2,7.142857143,University of Bristol
69,"University of California, Santa Cruz","University of California, Santa Cruz",United States of America,38.3,16.7,50.4,99.6,51.72624113,61.4,68,"17,404",22.7,1%,53:47:00,2011,"68. University of California, Santa Cruz",61.4,38.3,50.4,99.6,16.7,51.72624113,4.405286344,University of California  Santa Cruz
70,Yeshiva University,Yeshiva University,United States of America,63.5,53.3,46.7,74.4,51.72624113,61.4,68,"6,753",5.5,7%,53:47:00,2011,68. Yeshiva University,61.4,63.5,46.7,74.4,53.3,51.72624113,18.18181818,Yeshiva University
71,University of Sydney,University of Sydney,Australia,49.8,89.6,61.9,64.3,90.8,61.2,71,"41,868",20.2,28%,57:43:00,2011,71. University of Sydney,61.2,49.8,61.9,64.3,89.6,90.8,4.95049505,University of Sydney
72,University of Virginia,University of Virginia,United States of America,62,42.2,55.4,68.6,51.72624113,61.1,72,"23,845",10.2,12%,52:48:00,2011,72. University of Virginia,61.1,62,55.4,68.6,42.2,51.72624113,9.803921569,University of Virginia
73,University of Adelaide,University of Adelaide,Australia,46.5,87.5,38.8,90.5,52.7,60.7,73,"20,771",30.1,26%,48:52:00,2011,73. University of Adelaide,60.7,46.5,38.8,90.5,87.5,52.7,3.322259136,University of Adelaide
74,University of Southern California,University of Southern California,United States of America,65.4,31.2,48.7,71.9,51.72624113,60.7,73,"36,534",12.9,20%,52:48:00,2011,73. University of Southern California,60.7,65.4,48.7,71.9,31.2,51.72624113,7.751937984,University of Southern California
75,William & Mary,William & Mary,United States of America,53.1,20.9,36.1,95.6,51.72624113,60.4,75,"7,867",11.8,7%,54:46:00,2011,75. William & Mary,60.4,53.1,36.1,95.6,20.9,51.72624113,8.474576271,William & Mary
76,Trinity College Dublin,Trinity College Dublin,Republic of Ireland,47.7,84.2,45.3,84.4,31.6,60.3,76,"15,521",18,25%,57:43:00,2011,76. Trinity College Dublin,60.3,47.7,45.3,84.4,84.2,31.6,5.555555556,Trinity College Dublin
77,King‰Ûªs College London,King‰Ûªs College London,United Kingdom,48.5,85.9,54.5,72.1,44.1,59.7,77,"21,394",11.4,37%,61:39:00,2011,77. King‰Ûªs College London,59.7,48.5,54.5,72.1,85.9,44.1,8.771929825,Kings College London
78,Stony Brook University,Stony Brook University,United States of America,48.5,52.2,43.6,85.8,51.72624113,59.6,78,"21,908",10.9,24%,50:50:00,2011,78. Stony Brook University,59.6,48.5,43.6,85.8,52.2,51.72624113,9.174311927,Stony Brook University
79,Korea Advanced Institute of Science and Technology (KAIST),Korea Advanced Institute of Science and Technology (KAIST),South Korea,71.3,36.7,63.4,45.5,100,59.5,79,"9,027",10,9%,0.888888889,2011,79. Korea Advanced Institute of Science and Technology (KAIST),59.5,71.3,63.4,45.5,36.7,100,10,Korea Advanced Institute of Science and Technology
80,University of Sussex,University of Sussex,United Kingdom,42.4,72.8,42.4,91.6,29.1,59.5,79,"12,001",17.4,35%,54:46:00,2011,79. University of Sussex,59.5,42.4,42.4,91.6,72.8,29.1,5.747126437,University of Sussex
81,The University of Queensland,The University of Queensland,Australia,51.8,74.2,53.4,69,57.1,59.1,81,"34,718",32.7,27%,53:47:00,2011,81. The University of Queensland,59.1,51.8,53.4,69,74.2,57.1,3.058103976,The University of Queensland
82,University of York,University of York,United Kingdom,47.9,66.6,46.2,81.9,36.2,59.1,81,,,,,2011,81. University of York,59.1,47.9,46.2,81.9,66.6,36.2,8.49,University of York
83,Heidelberg University,Heidelberg University,Germany,59.2,63.4,47.5,70.3,39.1,59,83,"28,881",24.5,17%,55:45:00,2011,83. Heidelberg University,59,59.2,47.5,70.3,63.4,39.1,4.081632653,Heidelberg University
84,University of Utah,University of Utah,United States of America,55.8,22.5,54.2,72,51.72624113,59,83,"25,674",16.9,9%,45:55:00,2011,83. University of Utah,59,55.8,54.2,72,22.5,51.72624113,5.917159763,University of Utah
85,Durham University,Durham University,United Kingdom,39.8,65.7,44.1,91,33.9,58.9,85,"15,489",15.7,24%,54:46:00,2011,85. Durham University,58.9,39.8,44.1,91,65.7,33.9,6.369426752,Durham University
86,London School of Economics and Political Science,London School of Economics and Political Science,United Kingdom,62.4,99.5,56.2,51.6,38.4,58.3,86,,,,,2011,86. London School of Economics and Political Science,58.3,62.4,56.2,51.6,99.5,38.4,8.49,London School of Economics and Political Science
87,University of Manchester,University of Manchester,United Kingdom,56.5,79.1,56.2,59.2,39,58,87,"34,938",15.3,34%,52:48:00,2011,87. University of Manchester,58,56.5,56.2,59.2,79.1,39,6.535947712,University of Manchester
88,"Royal Holloway, University of London","Royal Holloway, University of London",United Kingdom,37.7,92.9,36.2,93.2,30.5,57.9,88,"8,747",15.9,37%,57:43:00,2011,"88. Royal Holloway, University of London",57.9,37.7,36.2,93.2,92.9,30.5,6.289308176,Royal Holloway  University of London
89,Lund University,Lund University,Sweden,46.3,56.8,60.8,67.6,33.2,57.8,89,"28,251",11.5,15%,,2011,89. Lund University,57.8,46.3,60.8,67.6,56.8,33.2,8.695652174,Lund University
90,University of Southampton,University of Southampton,United Kingdom,50.8,69,47.8,72.9,37.7,57.7,90,"20,925",13.5,29%,53:47:00,2011,90. University of Southampton,57.7,50.8,47.8,72.9,69,37.7,7.407407407,University of Southampton
91,University of Zurich,University of Zurich,Switzerland,56.6,87.9,47,65,43.8,57.7,90,"26,583",6.5,19%,57:43:00,2011,90. University of Zurich,57.7,56.6,47,65,87.9,43.8,15.38461538,University of Zurich
92,Wake Forest University,Wake Forest University,United States of America,54.6,24.4,42.9,79.2,51.72624113,57.7,90,"7,326",4.6,5%,51:49:00,2011,90. Wake Forest University,57.7,54.6,42.9,79.2,24.4,51.72624113,21.73913043,Wake Forest University
93,McMaster University,McMaster University,Canada,44.7,54.23,58.7,68.5,51.72624113,57.6,93,"23,823",19.3,15%,53:47:00,2011,93. McMaster University,57.6,44.7,58.7,68.5,54.23,51.72624113,5.18134715,McMaster University
94,University College Dublin,University College Dublin,Republic of Ireland,42.4,87,36.6,86.3,51.72624113,57.5,94,"22,193",24.5,23%,,2011,94. University College Dublin,57.5,42.4,36.6,86.3,87,51.72624113,4.081632653,University College Dublin
95,George Washington University,George Washington University,United States of America,60.6,39.6,43.1,70.2,51.72624113,57.3,95,"20,541",12,16%,56:44:00,2011,95. George Washington University,57.3,60.6,43.1,70.2,39.6,51.72624113,8.333333333,George Washington University
96,University of Arizona,University of Arizona,United States of America,52.4,21.9,52.2,70.1,84.2,57.3,95,"36,429",12.7,8%,52:48:00,2011,95. University of Arizona,57.3,52.4,52.2,70.1,21.9,84.2,7.874015748,University of Arizona
97,University of Basel,University of Basel,Switzerland,50.2,91.3,37.1,78.3,45.8,57.3,95,"12,551",17.3,24%,54:46:00,2011,95. University of Basel,57.3,50.2,37.1,78.3,91.3,45.8,5.780346821,University of Basel
98,"University of Maryland, College Park","University of Maryland, College Park",United States of America,45.4,35.4,48.6,79.2,51.72624113,57.2,98,"31,331",8.4,9%,48:52:00,2011,"98. University of Maryland, College Park",57.2,45.4,48.6,79.2,35.4,51.72624113,11.9047619,University of Maryland  College Park
99,Dartmouth College,Dartmouth College,United States of America,44.7,31,49.2,79.7,51.72624113,57.1,99,"6,178",6.6,16%,47:53:00,2011,99. Dartmouth College,57.1,44.7,49.2,79.7,31,51.72624113,15.15151515,Dartmouth College
100,Ìäcole Normale SupÌ©rieure de Lyon,Ìäcole Normale SupÌ©rieure de Lyon,France,51.1,37.6,34.4,88.8,26.1,57,100,"2,218",8,14%,49:51:00,2011,100. Ìäcole Normale SupÌ©rieure de Lyon,57,51.1,34.4,88.8,37.6,26.1,12.5,cole Normale Suprieure de Lyon
101,Technical University of Munich,Technical University of Munich,Germany,50.4,85.3,43.2,71.2,51.72624113,56.9,101,"35,565",31.5,20%,33 : 67,2011,101. Technical University of Munich,56.9,50.4,43.2,71.2,85.3,51.72624113,3.174603175,Technical University of Munich
102,University of Helsinki,University of Helsinki,Finland,49,24.2,51.4,75.4,30.2,56.6,102,"23,505",15.1,6%,66:34:00,2011,102. University of Helsinki,56.6,49,51.4,75.4,24.2,30.2,6.622516556,University of Helsinki
103,University of St Andrews,University of St Andrews,United Kingdom,44.8,85.7,47.7,72.9,32.6,56.5,103,"8,338",12.7,47%,56:44:00,2011,103. University of St Andrews,56.5,44.8,47.7,72.9,85.7,32.6,7.874015748,University of St Andrews
104,Rensselaer Polytechnic Institute,Rensselaer Polytechnic Institute,United States of America,50.5,48,54.6,64.9,51.72624113,56.4,104,"6,671",15,16%,30 : 70,2011,104. Rensselaer Polytechnic Institute,56.4,50.5,54.6,64.9,48,51.72624113,6.666666667,Rensselaer Polytechnic Institute
105,"Rutgers, the State University of New Jersey","Rutgers, the State University of New Jersey",United States of America,53.4,26.8,64.7,55.7,51.72624113,56.3,105,"37,032",17.3,8%,51:49:00,2011,"105. Rutgers, the State University of New Jersey",56.3,53.4,64.7,55.7,26.8,51.72624113,5.780346821,Rutgers  the State University of New Jersey
106,Purdue University,Purdue University,United States of America,57,62.6,67.8,43.9,51.72624113,56.2,106,"39,256",18.1,22%,42:58:00,2011,106. Purdue University,56.2,57,67.8,43.9,62.6,51.72624113,5.524861878,Purdue University
107,National Tsing Hua University,National Tsing Hua University,Taiwan,52.2,34.1,52.6,66.9,50.2,56.1,107,"10,221",13.5,5%,33 : 67,2011,107. National Tsing Hua University,56.1,52.2,52.6,66.9,34.1,50.2,7.407407407,National Tsing Hua University
108,University of Cape Town,University of Cape Town,South Africa,36.6,83.3,42.1,82.8,51.72624113,56.1,107,"20,040",12.1,18%,53:47:00,2011,107. University of Cape Town,56.1,36.6,42.1,82.8,83.3,51.72624113,8.26446281,University of Cape Town
109,Pennsylvania State University,Pennsylvania State University,United States of America,46.3,19.9,49.2,77.6,44,56,109,"44,501",12.4,12%,46:54:00,2011,109. Pennsylvania State University,56,46.3,49.2,77.6,19.9,44,8.064516129,Pennsylvania State University
110,Seoul National University,Seoul National University,South Korea,62.3,44.9,54.1,54.6,43,56,109,"26,389",13.9,10%,,2011,109. Seoul National University,56,62.3,54.1,54.6,44.9,43,7.194244604,Seoul National University
111,Hong Kong Baptist University,Hong Kong Baptist University,Hong Kong,32.9,71.8,32.5,97.6,26.7,55.6,111,"10,441",11,25%,61:39:00,2011,111. Hong Kong Baptist University,55.6,32.9,32.5,97.6,71.8,26.7,9.090909091,Hong Kong Baptist University
112,Bilkent University,Bilkent University,Turkey,34.3,47.7,36.1,95.7,32.4,55.4,112,,,,,2011,112. Bilkent University,55.4,34.3,36.1,95.7,47.7,32.4,8.49,Bilkent University
113,Tokyo Institute of Technology,Tokyo Institute of Technology,Japan,62.9,24.8,63.4,45.5,60.5,55.4,112,"9,586",7.3,13%,0.602083333,2011,112. Tokyo Institute of Technology,55.4,62.9,63.4,45.5,24.8,60.5,13.69863014,Tokyo Institute of Technology
114,Eindhoven University of Technology,Eindhoven University of Technology,Netherlands,55.4,44.9,51.7,56.9,99.8,55.3,114,"8,176",16,14%,0.847916667,2011,114. Eindhoven University of Technology,55.3,55.4,51.7,56.9,44.9,99.8,6.25,Eindhoven University of Technology
115,National Taiwan University,National Taiwan University,Taiwan,50.3,29.2,59,61.6,35.7,55.2,115,"31,891",11.9,7%,39 : 61,2011,115. National Taiwan University,55.2,50.3,59,61.6,29.2,35.7,8.403361345,National Taiwan University
116,University of Hawai‰Ûªi at M€Ånoa,University of Hawai‰Ûªi at M€Ånoa,United States of America,38.3,34.2,47.6,81,51.72624113,55.2,115,,,,,2011,115. University of Hawai‰Ûªi at M€Ånoa,55.2,38.3,47.6,81,34.2,51.72624113,8.49,University of Hawais
117,"University of California, Riverside","University of California, Riverside",United States of America,38.6,63,47.4,78.3,30.5,55.1,117,"20,626",22,12%,51:49:00,2011,"117. University of California, Riverside",55.1,38.6,47.4,78.3,63,30.5,4.545454545,University of California  Riverside
118,University of Geneva,University of Geneva,Switzerland,46.6,95.7,49.7,63.1,32.7,55,118,"15,668",15,39%,61:39:00,2011,118. University of Geneva,55,46.6,49.7,63.1,95.7,32.7,6.666666667,University of Geneva
119,KU Leuven,KU Leuven,Belgium,57.7,29.6,62.9,45.2,97.7,54.8,119,"42,503",41.9,18%,54:46:00,2011,119. KU Leuven,54.8,57.7,62.9,45.2,29.6,97.7,2.386634845,KU Leuven
120,Nanjing University,Nanjing University,China,52.2,50.2,46.2,66,43.4,54.6,120,"29,743",13.3,10%,46:54:00,2011,120. Nanjing University,54.6,52.2,46.2,66,50.2,43.4,7.518796992,Nanjing University
121,Queen Mary University of London,Queen Mary University of London,United Kingdom,39.7,91,44.1,73.5,38.9,54.6,120,"14,260",14,40%,52:48:00,2011,120. Queen Mary University of London,54.6,39.7,44.1,73.5,91,38.9,7.142857143,Queen Mary University of London
122,Michigan State University,Michigan State University,United States of America,50.4,30.4,52.7,63.7,51.72624113,54.5,122,"44,750",15.7,15%,51:49:00,2011,122. Michigan State University,54.5,50.4,52.7,63.7,30.4,51.72624113,6.369426752,Michigan State University
123,Technical University of Denmark,Technical University of Denmark,Denmark,46.2,64,46.9,64.6,95.5,54.5,122,"9,990",5,18%,27 : 73,2011,122. Technical University of Denmark,54.5,46.2,46.9,64.6,64,95.5,20,Technical University of Denmark
124,Ghent University,Ghent University,Belgium,52.8,24.7,59.1,52.8,97.1,54.4,124,"32,166",34.1,9%,57:43:00,2011,124. Ghent University,54.4,52.8,59.1,52.8,24.7,97.1,2.93255132,Ghent University
125,Lancaster University,Lancaster University,United Kingdom,43.5,73.8,41.9,74.9,28.8,54.4,124,"11,512",14.9,33%,52:48:00,2011,124. Lancaster University,54.4,43.5,41.9,74.9,73.8,28.8,6.711409396,Lancaster University
126,Leiden University,Leiden University,Netherlands,47.3,40,54.9,59.3,100,54.4,124,"21,222",17.1,10%,59:41:00,2011,124. Leiden University,54.4,47.3,54.9,59.3,40,100,5.847953216,Leiden University
127,University of Alberta,University of Alberta,Canada,53.7,71.6,58,49.7,44.5,54.3,127,"36,299",21.6,23%,55:45:00,2011,127. University of Alberta,54.3,53.7,58,49.7,71.6,44.5,4.62962963,University of Alberta
128,University of Glasgow,University of Glasgow,United Kingdom,45.6,55.1,50.3,65.1,61,54.2,128,"22,616",16,29%,57:43:00,2011,128. University of Glasgow,54.2,45.6,50.3,65.1,55.1,61,6.25,University of Glasgow
129,Stockholm University,Stockholm University,Sweden,36.9,54.23,49.2,75.9,31.7,54,129,"31,715",23.7,8%,62:38:00,2011,129. Stockholm University,54,36.9,49.2,75.9,54.23,31.7,4.219409283,Stockholm University
130,Osaka University,Osaka University,Japan,61.7,20.1,63.4,40,73.4,53.4,130,"23,144",7.8,9%,31 : 69,2011,130. Osaka University,53.4,61.7,63.4,40,20.1,73.4,12.82051282,Osaka University
131,University of Victoria,University of Victoria,Canada,32.9,54.23,48.3,79.1,27.4,53.4,130,"17,581",21.5,11%,56:44:00,2011,130. University of Victoria,53.4,32.9,48.3,79.1,54.23,27.4,4.651162791,University of Victoria
132,Tohoku University,Tohoku University,Japan,60.3,20.1,62.5,41.2,82.3,53.3,132,"17,200",5,7%,25 : 75,2011,132. Tohoku University,53.3,60.3,62.5,41.2,20.1,82.3,20,Tohoku University
133,University of Freiburg,University of Freiburg,Germany,52.4,46.2,41.4,64.3,79.8,53.3,132,"26,467",31.2,16%,52:48:00,2011,132. University of Freiburg,53.3,52.4,41.4,64.3,46.2,79.8,3.205128205,University of Freiburg
134,University of Iowa,University of Iowa,United States of America,48.6,31.7,59.8,54.8,51.72624113,53.3,132,"27,526",11.6,11%,52:48:00,2011,132. University of Iowa,53.3,48.6,59.8,54.8,31.7,51.72624113,8.620689655,University of Iowa
135,University of Bergen,University of Bergen,Norway,39.9,66.6,42.1,73.1,41.5,52.7,135,"11,623",11.1,12%,60:40:00,2011,135. University of Bergen,52.7,39.9,42.1,73.1,66.6,41.5,9.009009009,University of Bergen
136,University of Lausanne,University of Lausanne,Switzerland,43.1,84.1,50.5,59.1,42.5,52.6,136,"11,964",13.1,22%,,2011,136. University of Lausanne,52.6,43.1,50.5,59.1,84.1,42.5,7.633587786,University of Lausanne
137,University of Sheffield,University of Sheffield,United Kingdom,48.9,62.7,49.2,58.4,40.3,52.5,137,"23,311",15.5,31%,50:50:00,2011,137. University of Sheffield,52.5,48.9,49.2,58.4,62.7,40.3,6.451612903,University of Sheffield
138,University of Montreal,University of Montreal,Canada,56.1,54.23,49.4,51.9,51.72624113,52.4,138,"38,264",20.3,25%,57:43:00,2011,138. University of Montreal,52.4,56.1,49.4,51.9,54.23,51.72624113,4.926108374,University of Montreal
139,VU University Amsterdam,VU University Amsterdam,Netherlands,47.6,30.6,51.6,58.5,81.4,52.3,139,"23,280",16.3,6%,56:44:00,2011,139. VU University Amsterdam,52.3,47.6,51.6,58.5,30.6,81.4,6.134969325,VU University Amsterdam
140,Pierre and Marie Curie University,Pierre and Marie Curie University,France,51.9,30.7,37.2,71.5,26.4,52.2,140,"27,862",8.7,18%,48:52:00,2011,140. Pierre and Marie Curie University,52.2,51.9,37.2,71.5,30.7,26.4,11.49425287,Pierre and Marie Curie University
141,University of Dundee,University of Dundee,United Kingdom,34.1,54.4,41,79.3,49.3,52.2,140,"11,628",15.3,25%,60:40:00,2011,140. University of Dundee,52.2,34.1,41,79.3,54.4,49.3,6.535947712,University of Dundee
142,University of Barcelona,University of Barcelona,Spain,34.1,22.3,33.7,91.9,30,52.1,142,"47,491",12.2,10%,62:38:00,2011,142. University of Barcelona,52.1,34.1,33.7,91.9,22.3,30,8.196721311,University of Barcelona
143,Utrecht University,Utrecht University,Netherlands,43.4,52.6,53,58.8,55.3,52,143,"30,779",15.4,7%,59:41:00,2011,143. Utrecht University,52,43.4,53,58.8,52.6,55.3,6.493506494,Utrecht University
144,Wageningen University and Research Center,Wageningen University and Research Center,Netherlands,58.5,24.3,48.8,53,51.72624113,51.9,144,"9,248",17,21%,56:44:00,2011,144. Wageningen University and Research Center,51.9,58.5,48.8,53,24.3,51.72624113,5.882352941,Wageningen University and Research Center
145,University of Auckland,University of Auckland,New Zealand,34.8,94.3,39.2,71.8,61.1,51.8,145,"29,787",18.9,28%,54:46:00,2011,145. University of Auckland,51.8,34.8,39.2,71.8,94.3,61.1,5.291005291,University of Auckland
146,University of Birmingham,University of Birmingham,United Kingdom,50.3,73.8,50.7,52.1,34.8,51.8,145,"25,295",16.4,23%,54:46:00,2011,145. University of Birmingham,51.8,50.3,50.7,52.1,73.8,34.8,6.097560976,University of Birmingham
147,Alexandria University,Alexandria University,Egypt,29.5,19.3,28,99.8,36,51.6,147,"127,431",23.3,1%,46:54:00,2011,147. Alexandria University,51.6,29.5,28,99.8,19.3,36,4.291845494,Alexandria University
148,Uppsala University,Uppsala University,Sweden,49.6,77.9,62.2,40.7,39.5,51.6,147,"25,266",18.2,12%,57:43:00,2011,147. Uppsala University,51.6,49.6,62.2,40.7,77.9,39.5,5.494505495,Uppsala University
149,Hong Kong Polytechnic University,Hong Kong Polytechnic University,Hong Kong,39.4,82.9,45.7,62.4,57.2,51.4,149,"22,064",25.9,26%,51:49:00,2011,149. Hong Kong Polytechnic University,51.4,39.4,45.7,62.4,82.9,57.2,3.861003861,Hong Kong Polytechnic University
150,University of Aberdeen,University of Aberdeen,United Kingdom,37.8,86.1,45.2,64.6,47,51.4,149,"12,938",15.8,33%,54:46:00,2011,149. University of Aberdeen,51.4,37.8,45.2,64.6,86.1,47,6.329113924,University of Aberdeen
151,Delft University of Technology,Delft University of Technology,Netherlands,55.5,47.4,67.7,29,99.4,51.3,151,"15,920",19.4,25%,26 : 74,2011,151. Delft University of Technology,51.3,55.5,67.7,29,47.4,99.4,5.154639175,Delft University of Technology
152,"Birkbeck, University of London","Birkbeck, University of London",United Kingdom,41.2,88.5,35.8,70.6,27.4,51.2,152,"9,454",17.2,38%,55:45:00,2011,"152. Birkbeck, University of London",51.2,41.2,35.8,70.6,88.5,27.4,5.813953488,Birkbeck  University of London
153,Newcastle University,Newcastle University,United Kingdom,42.7,80.5,42.8,63.6,31.1,51.2,152,"20,174",15.2,29%,50:50:00,2011,152. Newcastle University,51.2,42.7,42.8,63.6,80.5,31.1,6.578947368,Newcastle University
154,University of New South Wales,University of New South Wales,Australia,49.5,70.7,48.9,51.2,60,51.2,152,"38,309",25.9,33%,47:53:00,2011,152. University of New South Wales,51.2,49.5,48.9,51.2,70.7,60,3.861003861,University of New South Wales
155,Pompeu Fabra University,Pompeu Fabra University,Spain,35,44.1,33,84.7,40,51.1,155,"10,901",18.3,13%,59:41:00,2011,155. Pompeu Fabra University,51.1,35,33,84.7,44.1,40,5.464480874,Pompeu Fabra University
156,Indiana University,Indiana University,United States of America,48.5,37.7,42.5,63.2,51.72624113,51,156,"62,468",13.6,13%,53:47:00,2011,156. Indiana University,51,48.5,42.5,63.2,37.7,51.72624113,7.352941176,Indiana University
157,Iowa State University,Iowa State University,United States of America,49.3,23.2,49.6,58.2,49.6,51,156,"29,991",17.4,11%,44:56:00,2011,156. Iowa State University,51,49.3,49.6,58.2,23.2,49.6,5.747126437,Iowa State University
158,Georgia Health Sciences University,Georgia Health Sciences University,United States of America,67.3,16.3,41.7,48.9,50.1,50.7,158,,,,,2011,158. Georgia Health Sciences University,50.7,67.3,41.7,48.9,16.3,50.1,8.49,Georgia Health Sciences University
159,Erasmus University Rotterdam,Erasmus University Rotterdam,Netherlands,39.4,58.6,43.6,65.5,51.72624113,50.4,159,"20,580",18.9,18%,48:52:00,2011,159. Erasmus University Rotterdam,50.4,39.4,43.6,65.5,58.6,51.72624113,5.291005291,Erasmus University Rotterdam
160,University of Delaware,University of Delaware,United States of America,38.4,16.8,51.9,61.3,100,50.4,159,"19,262",15.9,10%,56:44:00,2011,159. University of Delaware,50.4,38.4,51.9,61.3,16.8,100,6.289308176,University of Delaware
161,Arizona State University,Arizona State University,United States of America,43,24.1,44.1,66.9,51.72624113,50.3,161,"83,236",29.9,9%,50:50:00,2011,161. Arizona State University,50.3,43,44.1,66.9,24.1,51.72624113,3.344481605,Arizona State University
162,Boston College,Boston College,United States of America,40.1,31.6,33.6,78,51.72624113,50.3,161,"13,216",17.4,19%,54:46:00,2011,161. Boston College,50.3,40.1,33.6,78,31.6,51.72624113,5.747126437,Boston College
163,National Sun Yat-Sen University,National Sun Yat-Sen University,Taiwan,46.1,21.3,50.6,58.9,37.5,50.2,163,"9,336",19.6,4%,37 : 63,2011,163. National Sun Yat-Sen University,50.2,46.1,50.6,58.9,21.3,37.5,5.102040816,National Sun Yat Sen University
164,Georgetown University,Georgetown University,United States of America,65.1,24.7,44.7,45,51.72624113,50.1,164,"15,408",8.5,14%,53:47:00,2011,164. Georgetown University,50.1,65.1,44.7,45,24.7,51.72624113,11.76470588,Georgetown University
165,University of Amsterdam,University of Amsterdam,Netherlands,42.5,38.2,49.2,60.2,38.8,50,165,"24,570",14.4,11%,53:47:00,2011,165. University of Amsterdam,50,42.5,49.2,60.2,38.2,38.8,6.944444444,University of Amsterdam
166,University of Liverpool,University of Liverpool,United Kingdom,40.8,59.8,47.8,59.6,40.6,50,165,"18,815",13.6,30%,52:48:00,2011,165. University of Liverpool,50,40.8,47.8,59.6,59.8,40.6,7.352941176,University of Liverpool
167,Aarhus University,Aarhus University,Denmark,38.1,33.4,55.6,57.3,61.5,49.9,167,"23,895",13.6,14%,54:46:00,2011,167. Aarhus University,49.9,38.1,55.6,57.3,33.4,61.5,7.352941176,Aarhus University
168,University of Leeds,University of Leeds,United Kingdom,46.2,50,48,55.6,38.3,49.8,168,"27,703",14.7,21%,58:42:00,2011,168. University of Leeds,49.8,46.2,48,55.6,50,38.3,6.802721088,University of Leeds
169,University of WÌ_rzburg,University of WÌ_rzburg,Germany,48.7,40.3,40.9,60.4,51.72624113,49.8,168,"26,576",38.4,8%,57:43:00,2011,168. University of WÌ_rzburg,49.8,48.7,40.9,60.4,40.3,51.72624113,2.604166667,University of Warzburg
170,University of Groningen,University of Groningen,Netherlands,41.7,35.5,56.4,54.1,34.2,49.7,170,"24,556",25.6,12%,52:48:00,2011,170. University of Groningen,49.7,41.7,56.4,54.1,35.5,34.2,3.90625,University of Groningen
171,Sun Yat-sen University,Sun Yat-sen University,China,46.2,29.3,34.7,70.2,41.2,49.6,171,"51,351",16.6,8%,51:49:00,2011,171. Sun Yat-sen University,49.6,46.2,34.7,70.2,29.3,41.2,6.024096386,Sun Yat sen University
172,Goethe University Frankfurt,Goethe University Frankfurt,Germany,39.2,56.1,37.3,69.5,41.6,49.4,172,"31,861",9.3,15%,60:40:00,2011,172. Goethe University Frankfurt,49.4,39.2,37.3,69.5,56.1,41.6,10.75268817,Goethe University Frankfurt
173,Bielefeld University,Bielefeld University,Germany,39.9,54.23,35.7,70.4,51.72624113,49.3,173,"21,428",67.8,8%,57:43:00,2011,173. Bielefeld University,49.3,39.9,35.7,70.4,54.23,51.72624113,1.474926254,Bielefeld University
174,Nanyang Technological University,Nanyang Technological University,Singapore,43.6,96.3,51.7,45,40,49,174,"25,028",16.2,33%,48:52:00,2011,174. Nanyang Technological University,49,43.6,51.7,45,96.3,40,6.172839506,Nanyang Technological University
175,University of East Anglia,University of East Anglia,United Kingdom,42.1,62.8,40.4,62.8,29.7,49,174,"14,992",14.7,28%,58:42:00,2011,174. University of East Anglia,49,42.1,40.4,62.8,62.8,29.7,6.802721088,University of East Anglia
176,University of Nottingham,University of Nottingham,United Kingdom,46.8,74.8,44.1,52.5,38.4,49,174,"30,144",15,27%,54:46:00,2011,174. University of Nottingham,49,46.8,44.1,52.5,74.8,38.4,6.666666667,University of Nottingham
177,University of Copenhagen,University of Copenhagen,Denmark,44.1,45.8,45.7,58.3,26.1,48.8,177,"27,545",4.1,19%,67:33:00,2011,177. University of Copenhagen,48.8,44.1,45.7,58.3,45.8,26.1,24.3902439,University of Copenhagen
178,Humboldt University of Berlin,Humboldt University of Berlin,Germany,50.9,46.1,44.5,52,27.8,48.5,178,"29,987",52.5,16%,,2011,178. Humboldt University of Berlin,48.5,50.9,44.5,52,46.1,27.8,1.904761905,Humboldt University of Berlin
179,Monash University,Monash University,Australia,39.4,87.1,38.8,60.5,40.8,48.5,178,"50,882",40.5,36%,56:44:00,2011,178. Monash University,48.5,39.4,38.8,60.5,87.1,40.8,2.469135802,Monash University
180,University of Bonn,University of Bonn,Germany,46.8,46.8,33.8,65.3,29.4,48.5,178,"32,474",70.4,13%,55:45:00,2011,178. University of Bonn,48.5,46.8,33.8,65.3,46.8,29.4,1.420454545,University of Bonn
181,National Chiao Tung University,National Chiao Tung University,Taiwan,53.2,57.9,54.4,32.9,98.7,48.3,181,"12,646",16.6,5%,27 : 73,2011,181. National Chiao Tung University,48.3,53.2,54.4,32.9,57.9,98.7,6.024096386,National Chiao Tung University
182,RWTH Aachen University,RWTH Aachen University,Germany,50,63.8,42.5,48.9,56.6,48.2,182,"37,917",27.6,16%,31 : 69,2011,182. RWTH Aachen University,48.2,50,42.5,48.9,63.8,56.6,3.623188406,RWTH Aachen University
183,Middle East Technical University,Middle East Technical University,Turkey,39.5,27.2,39.5,66.4,43.9,47.7,183,"25,779",22.2,7%,44:56:00,2011,183. Middle East Technical University,47.7,39.5,39.5,66.4,27.2,43.9,4.504504505,Middle East Technical University
184,University of Exeter,University of Exeter,United Kingdom,40.4,62.8,42.5,57.9,32.2,47.6,184,"17,755",18.8,28%,54:46:00,2011,184. University of Exeter,47.6,40.4,42.5,57.9,62.8,32.2,5.319148936,University of Exeter
185,University of Twente,University of Twente,Netherlands,49.9,62.4,48.3,42,49.8,47.5,185,"6,631",12,26%,37 : 63,2011,185. University of Twente,47.5,49.9,48.3,42,62.4,49.8,8.333333333,University of Twente
186,University of Konstanz,University of Konstanz,Germany,42.7,93.6,40.1,51.3,51.72624113,47.3,186,"10,930",59.1,12%,54:46:00,2011,186. University of Konstanz,47.3,42.7,40.1,51.3,93.6,51.72624113,1.692047377,University of Konstanz
187,Karlsruhe Institute of Technology,Karlsruhe Institute of Technology,Germany,45,47.3,35.4,60.7,40,47.2,187,"25,294",24.6,16%,26 : 74,2011,187. Karlsruhe Institute of Technology,47.2,45,35.4,60.7,47.3,40,4.06504065,Karlsruhe Institute of Technology
188,University of Innsbruck,University of Innsbruck,Austria,37.9,99.5,34.8,60.2,35,47.2,187,"18,209",16.9,39%,54:46:00,2011,187. University of Innsbruck,47.2,37.9,34.8,60.2,99.5,35,5.917159763,University of Innsbruck
189,University of TÌ_bingen,University of TÌ_bingen,Germany,45.9,57.8,36.3,57.3,32.3,47,189,"28,327",38.9,12%,58:42:00,2011,189. University of TÌ_bingen,47,45.9,36.3,57.3,57.8,32.3,2.570694087,University of Tbingen
190,Drexel University,Drexel University,United States of America,45,60.6,35.9,58.2,27.4,46.9,190,"20,713",10.8,18%,48:52:00,2011,190. Drexel University,46.9,45,35.9,58.2,60.6,27.4,9.259259259,Drexel University
191,University of Cincinnati,University of Cincinnati,United States of America,43.6,18.9,40.4,61.5,32.5,46.9,190,"36,108",15.7,6%,54:46:00,2011,190. University of Cincinnati,46.9,43.6,40.4,61.5,18.9,32.5,6.369426752,University of Cincinnati
192,Yonsei University,Yonsei University,South Korea,43,28,48.7,52.2,40.4,46.9,190,"24,774",11.6,14%,,2011,190. Yonsei University,46.9,43,48.7,52.2,28,40.4,8.620689655,Yonsei University
193,Dalhousie University,Dalhousie University,Canada,41.6,44.9,50.2,48.8,51.72624113,46.8,193,"15,064",14.4,18%,55:45:00,2011,193. Dalhousie University,46.8,41.6,50.2,48.8,44.9,51.72624113,6.944444444,Dalhousie University
194,KTH Royal Institute of Technology,KTH Royal Institute of Technology,Sweden,49.1,64.2,56.2,29.2,100,46.8,193,"12,062",14.6,21%,30 : 70,2011,193. KTH Royal Institute of Technology,46.8,49.1,56.2,29.2,64.2,100,6.849315068,KTH Royal Institute of Technology
195,University of Vienna,University of Vienna,Austria,47.6,63.2,45.7,45.6,27,46.7,195,"34,651",20.5,25%,67:33:00,2011,195. University of Vienna,46.7,47.6,45.7,45.6,63.2,27,4.87804878,University of Vienna
196,Kent State University,Kent State University,United States of America,33.5,15.9,33.3,76.8,26.3,46.5,196,"23,122",19,8%,58:42:00,2011,196. Kent State University,46.5,33.5,33.3,76.8,15.9,26.3,5.263157895,Kent State University
197,University of Illinois at Chicago,University of Illinois at Chicago,United States of America,57.8,51.8,46.8,34.7,51.72624113,46.4,197,"24,313",9.2,17%,53:47:00,2011,197. University of Illinois at Chicago,46.4,57.8,46.8,34.7,51.8,51.72624113,10.86956522,University of Illinois at Chicago
198,Zhejiang University,Zhejiang University,China,54.6,29.6,41.3,44.3,70.3,46.4,197,"47,508",15.9,5%,41:59:00,2011,197. Zhejiang University,46.4,54.6,41.3,44.3,29.6,70.3,6.289308176,Zhejiang University
199,Simon Fraser University,Simon Fraser University,Canada,32.9,51.9,44.2,60.2,37.9,46.2,199,"26,640",28.3,19%,55:45:00,2011,199. Simon Fraser University,46.2,32.9,44.2,60.2,51.9,37.9,3.533568905,Simon Fraser University
200,Swedish University of Agricultural Sciences,Swedish University of Agricultural Sciences,Sweden,43.3,54.23,49.5,41.7,99.9,46.2,199,"3,879",4.6,,67:33:00,2011,199. Swedish University of Agricultural Sciences,46.2,43.3,49.5,41.7,54.23,99.9,21.73913043,Swedish University of Agricultural Sciences